participant_id	age	sex	hand	weight	height	group	species	bci_experience
sub-1	36.0	n/a	n/a	n/a	n/a	mostly healthy; 2 amputees (both upper limbs; right lower limb below the knee), 1 hydrocephalus after ventricular infarct, 18 post-COVID-19	homo sapiens	n/a
sub-10	36.0	n/a	n/a	n/a	n/a	mostly healthy; 2 amputees (both upper limbs; right lower limb below the knee), 1 hydrocephalus after ventricular infarct, 18 post-COVID-19	homo sapiens	n/a
sub-11	36.0	n/a	n/a	n/a	n/a	mostly healthy; 2 amputees (both upper limbs; right lower limb below the knee), 1 hydrocephalus after ventricular infarct, 18 post-COVID-19	homo sapiens	n/a
sub-12	36.0	n/a	n/a	n/a	n/a	mostly healthy; 2 amputees (both upper limbs; right lower limb below the knee), 1 hydrocephalus after ventricular infarct, 18 post-COVID-19	homo sapiens	n/a
sub-13	36.0	n/a	n/a	n/a	n/a	mostly healthy; 2 amputees (both upper limbs; right lower limb below the knee), 1 hydrocephalus after ventricular infarct, 18 post-COVID-19	homo sapiens	n/a
sub-14	36.0	n/a	n/a	n/a	n/a	mostly healthy; 2 amputees (both upper limbs; right lower limb below the knee), 1 hydrocephalus after ventricular infarct, 18 post-COVID-19	homo sapiens	n/a
sub-15	36.0	n/a	n/a	n/a	n/a	mostly healthy; 2 amputees (both upper limbs; right lower limb below the knee), 1 hydrocephalus after ventricular infarct, 18 post-COVID-19	homo sapiens	n/a
sub-16	36.0	n/a	n/a	n/a	n/a	mostly healthy; 2 amputees (both upper limbs; right lower limb below the knee), 1 hydrocephalus after ventricular infarct, 18 post-COVID-19	homo sapiens	n/a
sub-17	36.0	n/a	n/a	n/a	n/a	mostly healthy; 2 amputees (both upper limbs; right lower limb below the knee), 1 hydrocephalus after ventricular infarct, 18 post-COVID-19	homo sapiens	n/a
sub-18	36.0	n/a	n/a	n/a	n/a	mostly healthy; 2 amputees (both upper limbs; right lower limb below the knee), 1 hydrocephalus after ventricular infarct, 18 post-COVID-19	homo sapiens	n/a
sub-19	36.0	n/a	n/a	n/a	n/a	mostly healthy; 2 amputees (both upper limbs; right lower limb below the knee), 1 hydrocephalus after ventricular infarct, 18 post-COVID-19	homo sapiens	n/a
sub-2	36.0	n/a	n/a	n/a	n/a	mostly healthy; 2 amputees (both upper limbs; right lower limb below the knee), 1 hydrocephalus after ventricular infarct, 18 post-COVID-19	homo sapiens	n/a
sub-20	36.0	n/a	n/a	n/a	n/a	mostly healthy; 2 amputees (both upper limbs; right lower limb below the knee), 1 hydrocephalus after ventricular infarct, 18 post-COVID-19	homo sapiens	n/a
sub-21	36.0	n/a	n/a	n/a	n/a	mostly healthy; 2 amputees (both upper limbs; right lower limb below the knee), 1 hydrocephalus after ventricular infarct, 18 post-COVID-19	homo sapiens	n/a
sub-22	36.0	n/a	n/a	n/a	n/a	mostly healthy; 2 amputees (both upper limbs; right lower limb below the knee), 1 hydrocephalus after ventricular infarct, 18 post-COVID-19	homo sapiens	n/a
sub-23	36.0	n/a	n/a	n/a	n/a	mostly healthy; 2 amputees (both upper limbs; right lower limb below the knee), 1 hydrocephalus after ventricular infarct, 18 post-COVID-19	homo sapiens	n/a
sub-24	36.0	n/a	n/a	n/a	n/a	mostly healthy; 2 amputees (both upper limbs; right lower limb below the knee), 1 hydrocephalus after ventricular infarct, 18 post-COVID-19	homo sapiens	n/a
sub-25	36.0	n/a	n/a	n/a	n/a	mostly healthy; 2 amputees (both upper limbs; right lower limb below the knee), 1 hydrocephalus after ventricular infarct, 18 post-COVID-19	homo sapiens	n/a
sub-26	36.0	n/a	n/a	n/a	n/a	mostly healthy; 2 amputees (both upper limbs; right lower limb below the knee), 1 hydrocephalus after ventricular infarct, 18 post-COVID-19	homo sapiens	n/a
sub-27	36.0	n/a	n/a	n/a	n/a	mostly healthy; 2 amputees (both upper limbs; right lower limb below the knee), 1 hydrocephalus after ventricular infarct, 18 post-COVID-19	homo sapiens	n/a
sub-28	36.0	n/a	n/a	n/a	n/a	mostly healthy; 2 amputees (both upper limbs; right lower limb below the knee), 1 hydrocephalus after ventricular infarct, 18 post-COVID-19	homo sapiens	n/a
sub-29	36.0	n/a	n/a	n/a	n/a	mostly healthy; 2 amputees (both upper limbs; right lower limb below the knee), 1 hydrocephalus after ventricular infarct, 18 post-COVID-19	homo sapiens	n/a
sub-3	36.0	n/a	n/a	n/a	n/a	mostly healthy; 2 amputees (both upper limbs; right lower limb below the knee), 1 hydrocephalus after ventricular infarct, 18 post-COVID-19	homo sapiens	n/a
sub-30	36.0	n/a	n/a	n/a	n/a	mostly healthy; 2 amputees (both upper limbs; right lower limb below the knee), 1 hydrocephalus after ventricular infarct, 18 post-COVID-19	homo sapiens	n/a
sub-31	36.0	n/a	n/a	n/a	n/a	mostly healthy; 2 amputees (both upper limbs; right lower limb below the knee), 1 hydrocephalus after ventricular infarct, 18 post-COVID-19	homo sapiens	n/a
sub-32	36.0	n/a	n/a	n/a	n/a	mostly healthy; 2 amputees (both upper limbs; right lower limb below the knee), 1 hydrocephalus after ventricular infarct, 18 post-COVID-19	homo sapiens	n/a
sub-33	36.0	n/a	n/a	n/a	n/a	mostly healthy; 2 amputees (both upper limbs; right lower limb below the knee), 1 hydrocephalus after ventricular infarct, 18 post-COVID-19	homo sapiens	n/a
sub-34	36.0	n/a	n/a	n/a	n/a	mostly healthy; 2 amputees (both upper limbs; right lower limb below the knee), 1 hydrocephalus after ventricular infarct, 18 post-COVID-19	homo sapiens	n/a
sub-35	36.0	n/a	n/a	n/a	n/a	mostly healthy; 2 amputees (both upper limbs; right lower limb below the knee), 1 hydrocephalus after ventricular infarct, 18 post-COVID-19	homo sapiens	n/a
sub-36	36.0	n/a	n/a	n/a	n/a	mostly healthy; 2 amputees (both upper limbs; right lower limb below the knee), 1 hydrocephalus after ventricular infarct, 18 post-COVID-19	homo sapiens	n/a
sub-37	36.0	n/a	n/a	n/a	n/a	mostly healthy; 2 amputees (both upper limbs; right lower limb below the knee), 1 hydrocephalus after ventricular infarct, 18 post-COVID-19	homo sapiens	n/a
sub-38	36.0	n/a	n/a	n/a	n/a	mostly healthy; 2 amputees (both upper limbs; right lower limb below the knee), 1 hydrocephalus after ventricular infarct, 18 post-COVID-19	homo sapiens	n/a
sub-39	36.0	n/a	n/a	n/a	n/a	mostly healthy; 2 amputees (both upper limbs; right lower limb below the knee), 1 hydrocephalus after ventricular infarct, 18 post-COVID-19	homo sapiens	n/a
sub-4	36.0	n/a	n/a	n/a	n/a	mostly healthy; 2 amputees (both upper limbs; right lower limb below the knee), 1 hydrocephalus after ventricular infarct, 18 post-COVID-19	homo sapiens	n/a
sub-40	36.0	n/a	n/a	n/a	n/a	mostly healthy; 2 amputees (both upper limbs; right lower limb below the knee), 1 hydrocephalus after ventricular infarct, 18 post-COVID-19	homo sapiens	n/a
sub-41	36.0	n/a	n/a	n/a	n/a	mostly healthy; 2 amputees (both upper limbs; right lower limb below the knee), 1 hydrocephalus after ventricular infarct, 18 post-COVID-19	homo sapiens	n/a
sub-42	36.0	n/a	n/a	n/a	n/a	mostly healthy; 2 amputees (both upper limbs; right lower limb below the knee), 1 hydrocephalus after ventricular infarct, 18 post-COVID-19	homo sapiens	n/a
sub-43	36.0	n/a	n/a	n/a	n/a	mostly healthy; 2 amputees (both upper limbs; right lower limb below the knee), 1 hydrocephalus after ventricular infarct, 18 post-COVID-19	homo sapiens	n/a
sub-44	36.0	n/a	n/a	n/a	n/a	mostly healthy; 2 amputees (both upper limbs; right lower limb below the knee), 1 hydrocephalus after ventricular infarct, 18 post-COVID-19	homo sapiens	n/a
sub-45	36.0	n/a	n/a	n/a	n/a	mostly healthy; 2 amputees (both upper limbs; right lower limb below the knee), 1 hydrocephalus after ventricular infarct, 18 post-COVID-19	homo sapiens	n/a
sub-46	36.0	n/a	n/a	n/a	n/a	mostly healthy; 2 amputees (both upper limbs; right lower limb below the knee), 1 hydrocephalus after ventricular infarct, 18 post-COVID-19	homo sapiens	n/a
sub-47	36.0	n/a	n/a	n/a	n/a	mostly healthy; 2 amputees (both upper limbs; right lower limb below the knee), 1 hydrocephalus after ventricular infarct, 18 post-COVID-19	homo sapiens	n/a
sub-48	36.0	n/a	n/a	n/a	n/a	mostly healthy; 2 amputees (both upper limbs; right lower limb below the knee), 1 hydrocephalus after ventricular infarct, 18 post-COVID-19	homo sapiens	n/a
sub-49	36.0	n/a	n/a	n/a	n/a	mostly healthy; 2 amputees (both upper limbs; right lower limb below the knee), 1 hydrocephalus after ventricular infarct, 18 post-COVID-19	homo sapiens	n/a
sub-5	36.0	n/a	n/a	n/a	n/a	mostly healthy; 2 amputees (both upper limbs; right lower limb below the knee), 1 hydrocephalus after ventricular infarct, 18 post-COVID-19	homo sapiens	n/a
sub-50	36.0	n/a	n/a	n/a	n/a	mostly healthy; 2 amputees (both upper limbs; right lower limb below the knee), 1 hydrocephalus after ventricular infarct, 18 post-COVID-19	homo sapiens	n/a
sub-51	36.0	n/a	n/a	n/a	n/a	mostly healthy; 2 amputees (both upper limbs; right lower limb below the knee), 1 hydrocephalus after ventricular infarct, 18 post-COVID-19	homo sapiens	n/a
sub-52	36.0	n/a	n/a	n/a	n/a	mostly healthy; 2 amputees (both upper limbs; right lower limb below the knee), 1 hydrocephalus after ventricular infarct, 18 post-COVID-19	homo sapiens	n/a
sub-53	36.0	n/a	n/a	n/a	n/a	mostly healthy; 2 amputees (both upper limbs; right lower limb below the knee), 1 hydrocephalus after ventricular infarct, 18 post-COVID-19	homo sapiens	n/a
sub-54	36.0	n/a	n/a	n/a	n/a	mostly healthy; 2 amputees (both upper limbs; right lower limb below the knee), 1 hydrocephalus after ventricular infarct, 18 post-COVID-19	homo sapiens	n/a
sub-55	36.0	n/a	n/a	n/a	n/a	mostly healthy; 2 amputees (both upper limbs; right lower limb below the knee), 1 hydrocephalus after ventricular infarct, 18 post-COVID-19	homo sapiens	n/a
sub-56	36.0	n/a	n/a	n/a	n/a	mostly healthy; 2 amputees (both upper limbs; right lower limb below the knee), 1 hydrocephalus after ventricular infarct, 18 post-COVID-19	homo sapiens	n/a
sub-57	36.0	n/a	n/a	n/a	n/a	mostly healthy; 2 amputees (both upper limbs; right lower limb below the knee), 1 hydrocephalus after ventricular infarct, 18 post-COVID-19	homo sapiens	n/a
sub-58	36.0	n/a	n/a	n/a	n/a	mostly healthy; 2 amputees (both upper limbs; right lower limb below the knee), 1 hydrocephalus after ventricular infarct, 18 post-COVID-19	homo sapiens	n/a
sub-59	36.0	n/a	n/a	n/a	n/a	mostly healthy; 2 amputees (both upper limbs; right lower limb below the knee), 1 hydrocephalus after ventricular infarct, 18 post-COVID-19	homo sapiens	n/a
sub-6	36.0	n/a	n/a	n/a	n/a	mostly healthy; 2 amputees (both upper limbs; right lower limb below the knee), 1 hydrocephalus after ventricular infarct, 18 post-COVID-19	homo sapiens	n/a
sub-60	36.0	n/a	n/a	n/a	n/a	mostly healthy; 2 amputees (both upper limbs; right lower limb below the knee), 1 hydrocephalus after ventricular infarct, 18 post-COVID-19	homo sapiens	n/a
sub-7	36.0	n/a	n/a	n/a	n/a	mostly healthy; 2 amputees (both upper limbs; right lower limb below the knee), 1 hydrocephalus after ventricular infarct, 18 post-COVID-19	homo sapiens	n/a
sub-8	36.0	n/a	n/a	n/a	n/a	mostly healthy; 2 amputees (both upper limbs; right lower limb below the knee), 1 hydrocephalus after ventricular infarct, 18 post-COVID-19	homo sapiens	n/a
sub-9	36.0	n/a	n/a	n/a	n/a	mostly healthy; 2 amputees (both upper limbs; right lower limb below the knee), 1 hydrocephalus after ventricular infarct, 18 post-COVID-19	homo sapiens	n/a
