name	type	units	low_cutoff	high_cutoff	description	sampling_frequency	status	status_description
FC5	EEG	µV	0.0	62.5	ElectroEncephaloGram	125.0	good	n/a
F3	EEG	µV	0.0	62.5	ElectroEncephaloGram	125.0	good	n/a
Fz	EEG	µV	0.0	62.5	ElectroEncephaloGram	125.0	good	n/a
F4	EEG	µV	0.0	62.5	ElectroEncephaloGram	125.0	good	n/a
FC6	EEG	µV	0.0	62.5	ElectroEncephaloGram	125.0	good	n/a
FC1	EEG	µV	0.0	62.5	ElectroEncephaloGram	125.0	good	n/a
FC2	EEG	µV	0.0	62.5	ElectroEncephaloGram	125.0	good	n/a
Cz	EEG	µV	0.0	62.5	ElectroEncephaloGram	125.0	good	n/a
T7	EEG	µV	0.0	62.5	ElectroEncephaloGram	125.0	good	n/a
CP5	EEG	µV	0.0	62.5	ElectroEncephaloGram	125.0	good	n/a
C3	EEG	µV	0.0	62.5	ElectroEncephaloGram	125.0	good	n/a
CP1	EEG	µV	0.0	62.5	ElectroEncephaloGram	125.0	good	n/a
CP2	EEG	µV	0.0	62.5	ElectroEncephaloGram	125.0	good	n/a
C4	EEG	µV	0.0	62.5	ElectroEncephaloGram	125.0	good	n/a
CP6	EEG	µV	0.0	62.5	ElectroEncephaloGram	125.0	good	n/a
T8	EEG	µV	0.0	62.5	ElectroEncephaloGram	125.0	good	n/a
