onset	duration	trial_type	value	sample
4.0	0.0	EDGE boundary	1	500
4.0	3.992	clh	2	500
8.0	0.0	EDGE boundary	1	1000
8.0	3.992	clh	2	1000
12.0	0.0	EDGE boundary	1	1500
12.0	3.992	clh	2	1500
16.0	0.0	EDGE boundary	1	2000
16.0	3.992	clh	2	2000
20.0	0.0	EDGE boundary	1	2500
20.0	3.992	clh	2	2500
24.0	0.0	EDGE boundary	1	3000
24.0	3.992	crh	3	3000
28.0	0.0	EDGE boundary	1	3500
28.0	3.992	crh	3	3500
32.0	0.0	EDGE boundary	1	4000
32.0	3.992	crh	3	4000
36.0	0.0	EDGE boundary	1	4500
36.0	3.992	crh	3	4500
40.0	0.0	EDGE boundary	1	5000
40.0	3.992	crh	3	5000
44.0	0.0	EDGE boundary	1	5500
44.0	3.992	dlf	4	5500
48.0	0.0	EDGE boundary	1	6000
48.0	3.992	dlf	4	6000
52.0	0.0	EDGE boundary	1	6500
52.0	3.992	dlf	4	6500
56.0	0.0	EDGE boundary	1	7000
56.0	3.992	dlf	4	7000
60.0	0.0	EDGE boundary	1	7500
60.0	3.992	dlf	4	7500
64.0	0.0	EDGE boundary	1	8000
64.0	3.992	plf	6	8000
68.0	0.0	EDGE boundary	1	8500
68.0	3.992	plf	6	8500
72.0	0.0	EDGE boundary	1	9000
72.0	3.992	plf	6	9000
76.0	0.0	EDGE boundary	1	9500
76.0	3.992	plf	6	9500
80.0	0.0	EDGE boundary	1	10000
80.0	3.992	plf	6	10000
84.0	0.0	EDGE boundary	1	10500
84.0	3.992	drf	5	10500
88.0	0.0	EDGE boundary	1	11000
88.0	3.992	drf	5	11000
92.0	0.0	EDGE boundary	1	11500
92.0	3.992	drf	5	11500
96.0	0.0	EDGE boundary	1	12000
96.0	3.992	drf	5	12000
100.0	0.0	EDGE boundary	1	12500
100.0	3.992	drf	5	12500
104.0	0.0	EDGE boundary	1	13000
104.0	3.992	prf	7	13000
108.0	0.0	EDGE boundary	1	13500
108.0	3.992	prf	7	13500
112.0	0.0	EDGE boundary	1	14000
112.0	3.992	prf	7	14000
116.0	0.0	EDGE boundary	1	14500
116.0	3.992	prf	7	14500
120.0	0.0	EDGE boundary	1	15000
120.0	3.992	prf	7	15000
124.0	0.0	EDGE boundary	1	15500
124.0	3.992	rest	8	15500
128.0	0.0	EDGE boundary	1	16000
128.0	3.992	rest	8	16000
132.0	0.0	EDGE boundary	1	16500
132.0	3.992	rest	8	16500
136.0	0.0	EDGE boundary	1	17000
136.0	3.992	rest	8	17000
140.0	0.0	EDGE boundary	1	17500
140.0	3.992	rest	8	17500
144.0	0.0	EDGE boundary	1	18000
144.0	3.992	rest	8	18000
148.0	0.0	EDGE boundary	1	18500
148.0	3.992	rest	8	18500
152.0	0.0	EDGE boundary	1	19000
152.0	3.992	rest	8	19000
156.0	0.0	EDGE boundary	1	19500
156.0	3.992	rest	8	19500
160.0	0.0	EDGE boundary	1	20000
160.0	3.992	rest	8	20000
164.0	0.0	EDGE boundary	1	20500
164.0	3.992	rest	8	20500
168.0	0.0	EDGE boundary	1	21000
168.0	3.992	rest	8	21000
172.0	0.0	EDGE boundary	1	21500
172.0	3.992	rest	8	21500
176.0	0.0	EDGE boundary	1	22000
176.0	3.992	rest	8	22000
180.0	0.0	EDGE boundary	1	22500
180.0	3.992	rest	8	22500
184.0	0.0	EDGE boundary	1	23000
184.0	3.992	rest	8	23000
188.0	0.0	EDGE boundary	1	23500
188.0	3.992	rest	8	23500
192.0	0.0	EDGE boundary	1	24000
192.0	3.992	rest	8	24000
196.0	0.0	EDGE boundary	1	24500
196.0	3.992	rest	8	24500
200.0	0.0	EDGE boundary	1	25000
200.0	3.992	rest	8	25000
204.0	0.0	EDGE boundary	1	25500
204.0	3.992	rest	8	25500
208.0	0.0	EDGE boundary	1	26000
208.0	3.992	rest	8	26000
212.0	0.0	EDGE boundary	1	26500
212.0	3.992	rest	8	26500
216.0	0.0	EDGE boundary	1	27000
216.0	3.992	rest	8	27000
220.0	0.0	EDGE boundary	1	27500
220.0	3.992	rest	8	27500
224.0	0.0	EDGE boundary	1	28000
224.0	3.992	rest	8	28000
228.0	0.0	EDGE boundary	1	28500
228.0	3.992	rest	8	28500
232.0	0.0	EDGE boundary	1	29000
232.0	3.992	rest	8	29000
236.0	0.0	EDGE boundary	1	29500
236.0	3.992	rest	8	29500
240.0	0.0	EDGE boundary	1	30000
240.0	3.992	rest	8	30000
244.0	0.0	EDGE boundary	1	30500
244.0	3.992	rest	8	30500
