name	x	y	z	type	material
FC5	-0.07890597635539306	0.05136738419239063	0.062962347939219	dry	dry
F3	-0.05180903841183724	0.08668789888287941	0.07871409302883386	dry	dry
Fz	-0.001229271161566281	0.09327445200029715	0.1026392934768164	dry	dry
F4	0.050274277731628736	0.08743838910239796	0.07727065434234194	dry	dry
FC6	0.0778466192866476	0.05209881120036266	0.06286710628925257	dry	dry
FC1	-0.03571586037883836	0.06171405984105545	0.11798301537735345	dry	dry
FC2	0.033130982370817734	0.06182848606183057	0.11678169813445419	dry	dry
Cz	-0.0013741334028190722	0.027617093595102737	0.14019949417439556	dry	dry
T7	-0.08598207795805729	0.014871638175652204	0.031173373739044698	dry	dry
CP5	-0.08151351110863697	-0.01334569381422213	0.07313262712367305	dry	dry
C3	-0.0671487229331174	0.023358230537446293	0.1045106810602483	dry	dry
CP1	-0.03742512541749303	-0.0108242377168398	0.13344371157184132	dry	dry
CP2	0.036471959575241124	-0.010903791502932452	0.1328122726312171	dry	dry
C4	0.06532888071838541	0.023573104961569495	0.10369243420047652	dry	dry
CP6	0.08140110772413488	-0.013462042634867968	0.07336367003861291	dry	dry
T8	0.08326136985759491	0.015258189278681375	0.030972968524059938	dry	dry
